E004,LATIN CAPITAL LETTER A WITH OGONEK AND ACUTE,LATIN CAPITAL LETTER A WITH OGONEK AND ACUTE
E00A,LATIN CAPITAL LETTER A WITH MACRON AND ACUTE,LATIN CAPITAL LETTER A WITH MACRON AND ACUTE
E010,LATIN CAPITAL LETTER A WITH MACRON AND BREVE,LATIN CAPITAL LETTER A WITH MACRON AND BREVE
E025,LATIN CAPITAL LETTER A WITH DOUBLE ACUTE,LATIN CAPITAL LETTER A WITH DOUBLE ACUTE
E02C,LATIN CAPITAL LETTER A WITH LATIN SMALL LETTER E ABOVE,LATIN CAPITAL LETTER A WITH LATIN SMALL LETTER E ABOVE
E033,LATIN CAPITAL LETTER A WITH CURL,LATIN CAPITAL LETTER A WITH CURL
E036,LATIN CAPITAL LETTER AE WITH DOT BELOW,LATIN CAPITAL LETTER AE WITH DOT BELOW
E03A,LATIN CAPITAL LETTER AE WITH MACRON AND ACUTE,LATIN CAPITAL LETTER AE WITH MACRON AND ACUTE
E03D,LATIN CAPITAL LETTER AE WITH MACRON AND BREVE,LATIN CAPITAL LETTER AE WITH MACRON AND BREVE
E03F,LATIN CAPITAL LETTER AE WITH BREVE,LATIN CAPITAL LETTER AE WITH BREVE
E040,LATIN CAPITAL LETTER AE WITH OGONEK,LATIN CAPITAL LETTER AE WITH OGONEK
E041,LATIN CAPITAL LETTER AE WITH DOUBLE ACUTE,LATIN CAPITAL LETTER AE WITH DOUBLE ACUTE
E042,LATIN CAPITAL LETTER AE WITH DIAERESIS,LATIN CAPITAL LETTER AE WITH DIAERESIS
E043,LATIN CAPITAL LETTER AE WITH DOT ABOVE,LATIN CAPITAL LETTER AE WITH DOT ABOVE
E044,LATIN CAPITAL LETTER B WITH ACUTE,LATIN CAPITAL LETTER B WITH ACUTE
E066,LATIN CAPITAL LETTER C WITH DOT BELOW,LATIN CAPITAL LETTER C WITH DOT BELOW
E076,LATIN CAPITAL LETTER C WITH OGONEK,LATIN CAPITAL LETTER C WITH OGONEK
E077,LATIN CAPITAL LETTER D WITH ACUTE,LATIN CAPITAL LETTER D WITH ACUTE
E08F,LATIN CAPITAL LETTER ETH WITH DOT BELOW,LATIN CAPITAL LETTER ETH WITH DOT BELOW
E099,LATIN CAPITAL LETTER E WITH OGONEK AND ACUTE,LATIN CAPITAL LETTER E WITH OGONEK AND ACUTE
E0B7,LATIN CAPITAL LETTER E WITH MACRON AND BREVE,LATIN CAPITAL LETTER E WITH MACRON AND BREVE
E0BC,LATIN CAPITAL LETTER E WITH OGONEK AND MACRON,LATIN CAPITAL LETTER E WITH OGONEK AND MACRON
E0C8,LATIN CAPITAL LETTER E WITH DOT ABOVE AND ACUTE,LATIN CAPITAL LETTER E WITH DOT ABOVE AND ACUTE
E0D1,LATIN CAPITAL LETTER E WITH DOUBLE ACUTE,LATIN CAPITAL LETTER E WITH DOUBLE ACUTE
E0E1,LATIN CAPITAL LETTER E WITH LATIN SMALL LETTER A ABOVE,LATIN CAPITAL LETTER E WITH LATIN SMALL LETTER A ABOVE
E0E8,LATIN CAPITAL LETTER E WITH OGONEK AND DOT BELOW,LATIN CAPITAL LETTER E WITH OGONEK AND DOT BELOW
E0E9,LATIN CAPITAL LETTER E WITH CURL,LATIN CAPITAL LETTER E WITH CURL
E0EA,LATIN CAPITAL LETTER E WITH OGONEK AND DOUBLE ACUTE,LATIN CAPITAL LETTER E WITH OGONEK AND DOUBLE ACUTE
E0EB,LATIN CAPITAL LETTER E WITH OGONEK AND DOT ABOVE,LATIN CAPITAL LETTER E WITH OGONEK AND DOT ABOVE
E0EC,LATIN CAPITAL LETTER E WITH OGONEK AND DOT ABOVE AND ACUTE,LATIN CAPITAL LETTER E WITH OGONEK AND DOT ABOVE AND ACUTE
E0EE,LATIN CAPITAL LETTER F WITH DOT BELOW,LATIN CAPITAL LETTER F WITH DOT BELOW
E0F0,LATIN CAPITAL LETTER F WITH ACUTE,LATIN CAPITAL LETTER F WITH ACUTE
E101,LATIN CAPITAL LETTER G WITH DOT BELOW,LATIN CAPITAL LETTER G WITH DOT BELOW
E116,LATIN CAPITAL LETTER H WITH ACUTE,LATIN CAPITAL LETTER H WITH ACUTE
E12A,LATIN CAPITAL LETTER I WITH CURL,LATIN CAPITAL LETTER I WITH CURL
E135,LATIN CAPITAL LETTER I WITH MACRON AND ACUTE,LATIN CAPITAL LETTER I WITH MACRON AND ACUTE
E137,LATIN CAPITAL LETTER I WITH MACRON AND BREVE,LATIN CAPITAL LETTER I WITH MACRON AND BREVE
E143,LATIN CAPITAL LETTER I WITH DOUBLE ACUTE,LATIN CAPITAL LETTER I WITH DOUBLE ACUTE
E150,LATIN CAPITAL LETTER I WITH HIGH OVERLINE,LATIN CAPITAL LETTER I WITH HIGH OVERLINE
E151,LATIN CAPITAL LETTER J WITH DOT BELOW,LATIN CAPITAL LETTER J WITH DOT BELOW
E152,LATIN CAPITAL LETTER J WITH HIGH OVERLINE,LATIN CAPITAL LETTER J WITH HIGH OVERLINE
E153,LATIN CAPITAL LETTER J WITH ACUTE,LATIN CAPITAL LETTER J WITH ACUTE
E154,LATIN CAPITAL LETTER J WITH HIGH MACRON,LATIN CAPITAL LETTER J WITH HIGH MACRON
E15C,LATIN CAPITAL LETTER J WITH DOT ABOVE,LATIN CAPITAL LETTER J WITH DOT ABOVE
E162,LATIN CAPITAL LETTER J WITH DOUBLE ACUTE,LATIN CAPITAL LETTER J WITH DOUBLE ACUTE
E163,LATIN CAPITAL LETTER J WITH CURL,LATIN CAPITAL LETTER J WITH CURL
E168,LATIN CAPITAL LETTER K WITH DOT ABOVE,LATIN CAPITAL LETTER K WITH DOT ABOVE
E19E,LATIN CAPITAL LETTER L WITH DOT ABOVE,LATIN CAPITAL LETTER L WITH DOT ABOVE
E1B8,LATIN CAPITAL LETTER M WITH HIGH MACRON,LATIN CAPITAL LETTER M WITH HIGH MACRON
E1D2,LATIN CAPITAL LETTER M WITH HIGH OVERLINE,LATIN CAPITAL LETTER M WITH HIGH OVERLINE
E1DC,LATIN CAPITAL LETTER N WITH HIGH MACRON,LATIN CAPITAL LETTER N WITH HIGH MACRON
E208,LATIN CAPITAL LETTER O WITH OGONEK AND DOT BELOW,LATIN CAPITAL LETTER O WITH OGONEK AND DOT BELOW
E20C,LATIN CAPITAL LETTER O WITH OGONEK AND ACUTE,LATIN CAPITAL LETTER O WITH OGONEK AND ACUTE
E21B,LATIN CAPITAL LETTER O WITH MACRON AND BREVE,LATIN CAPITAL LETTER O WITH MACRON AND BREVE
E22D,LATIN CAPITAL LETTER O WITH DIAERESIS AND CIRCUMFLEX,LATIN CAPITAL LETTER O WITH DIAERESIS AND CIRCUMFLEX
E244,LATIN CAPITAL LETTER O WITH LATIN SMALL LETTER E ABOVE,LATIN CAPITAL LETTER O WITH LATIN SMALL LETTER E ABOVE
E246,LATIN CAPITAL LETTER O WITH LATIN SMALL LETTER U ABOVE,LATIN CAPITAL LETTER O WITH LATIN SMALL LETTER U ABOVE
E24F,LATIN CAPITAL LETTER O WITH OGONEK AND CURL,LATIN CAPITAL LETTER O WITH OGONEK AND CURL
E252,LATIN CAPITAL LETTER O WITH STROKE AND MACRON,LATIN CAPITAL LETTER O WITH STROKE AND MACRON
E253,LATIN CAPITAL LETTER O WITH STROKE AND MACRON AND BREVE,LATIN CAPITAL LETTER O WITH STROKE AND MACRON AND BREVE
E255,LATIN CAPITAL LETTER O WITH STROKE AND OGONEK,LATIN CAPITAL LETTER O WITH STROKE AND OGONEK
E257,LATIN CAPITAL LETTER O WITH STROKE AND OGONEK AND ACUTE,LATIN CAPITAL LETTER O WITH STROKE AND OGONEK AND ACUTE
E259,LATIN CAPITAL LIGATURE OE WITH ACUTE,LATIN CAPITAL LIGATURE OE WITH ACUTE
E25D,LATIN CAPITAL LIGATURE OE WITH MACRON,LATIN CAPITAL LIGATURE OE WITH MACRON
E260,LATIN CAPITAL LIGATURE OE WITH MACRON AND BREVE,LATIN CAPITAL LIGATURE OE WITH MACRON AND BREVE
E262,LATIN CAPITAL LIGATURE OE WITH OGONEK,LATIN CAPITAL LIGATURE OE WITH OGONEK
E268,LATIN CAPITAL LETTER P WITH DOUBLE ACUTE,LATIN CAPITAL LETTER P WITH DOUBLE ACUTE
E26D,LATIN CAPITAL LETTER P WITH DOT BELOW,LATIN CAPITAL LETTER P WITH DOT BELOW
E282,LATIN CAPITAL LETTER Q WITH DOT ABOVE,LATIN CAPITAL LETTER Q WITH DOT ABOVE
E288,LATIN CAPITAL LETTER Q WITH DOT BELOW,LATIN CAPITAL LETTER Q WITH DOT BELOW
E2E2,LATIN CAPITAL LETTER T WITH ACUTE,LATIN CAPITAL LETTER T WITH ACUTE
E2EE,LATIN CAPITAL LETTER T WITH OGONEK,LATIN CAPITAL LETTER T WITH OGONEK
E309,LATIN CAPITAL LETTER U WITH MACRON AND ACUTE,LATIN CAPITAL LETTER U WITH MACRON AND ACUTE
E30B,LATIN CAPITAL LETTER U WITH MACRON AND BREVE,LATIN CAPITAL LETTER U WITH MACRON AND BREVE
E315,LATIN CAPITAL LETTER U WITH DOT ABOVE,LATIN CAPITAL LETTER U WITH DOT ABOVE
E317,LATIN CAPITAL LETTER U WITH DIAERESIS AND CIRCUMFLEX,LATIN CAPITAL LETTER U WITH DIAERESIS AND CIRCUMFLEX
E324,LATIN CAPITAL LETTER U WITH VERTICAL LINE ABOVE,LATIN CAPITAL LETTER U WITH VERTICAL LINE ABOVE
E32B,LATIN CAPITAL LETTER U WITH LATIN SMALL LETTER E ABOVE,LATIN CAPITAL LETTER U WITH LATIN SMALL LETTER E ABOVE
E32D,LATIN CAPITAL LETTER U WITH LATIN SMALL LETTER O ABOVE,LATIN CAPITAL LETTER U WITH LATIN SMALL LETTER O ABOVE
E331,LATIN CAPITAL LETTER U WITH CURL,LATIN CAPITAL LETTER U WITH CURL
E337,LATIN CAPITAL LETTER THORN WITH DIAGONAL STROKE,LATIN CAPITAL LETTER THORN WITH DIAGONAL STROKE
E33A,LATIN CAPITAL LETTER V WITH ACUTE,LATIN CAPITAL LETTER V WITH ACUTE
E33B,LATIN CAPITAL LETTER V WITH CIRCUMFLEX,LATIN CAPITAL LETTER V WITH CIRCUMFLEX
E342,LATIN CAPITAL LETTER V WITH DIAERESIS,LATIN CAPITAL LETTER V WITH DIAERESIS
E34B,LATIN CAPITAL LETTER V WITH DOUBLE ACUTE,LATIN CAPITAL LETTER V WITH DOUBLE ACUTE
E34C,LATIN CAPITAL LETTER V WITH DOT ABOVE,LATIN CAPITAL LETTER V WITH DOT ABOVE
E34D,LATIN CAPITAL LETTER V WITH MACRON,LATIN CAPITAL LETTER V WITH MACRON
E34E,LATIN CAPITAL LETTER V WITH VERTICAL LINE ABOVE,LATIN CAPITAL LETTER V WITH VERTICAL LINE ABOVE
E350,LATIN CAPITAL LETTER W WITH DOUBLE ACUTE,LATIN CAPITAL LETTER W WITH DOUBLE ACUTE
E353,LATIN CAPITAL LETTER W WITH LATIN SMALL LETTER E ABOVE,LATIN CAPITAL LETTER W WITH LATIN SMALL LETTER E ABOVE
E357,LATIN CAPITAL LETTER W WITH MACRON,LATIN CAPITAL LETTER W WITH MACRON
E373,LATIN CAPITAL LETTER Y WITH MACRON AND ACUTE,LATIN CAPITAL LETTER Y WITH MACRON AND ACUTE
E375,LATIN CAPITAL LETTER Y WITH MACRON AND BREVE,LATIN CAPITAL LETTER Y WITH MACRON AND BREVE
E376,LATIN CAPITAL LETTER Y WITH BREVE,LATIN CAPITAL LETTER Y WITH BREVE
E37C,LATIN CAPITAL LETTER Y WITH DOUBLE ACUTE,LATIN CAPITAL LETTER Y WITH DOUBLE ACUTE
E384,LATIN CAPITAL LETTER Y WITH DOT ABOVE AND ACUTE,LATIN CAPITAL LETTER Y WITH DOT ABOVE AND ACUTE
E385,LATIN CAPITAL LETTER Y WITH CURL,LATIN CAPITAL LETTER Y WITH CURL
E39F,LATIN CAPITAL LETTER THORN WITH DOT BELOW,LATIN CAPITAL LETTER THORN WITH DOT BELOW
E3D3,LATIN CAPITAL LETTER O WITH CURL,LATIN CAPITAL LETTER O WITH CURL
E3D4,LATIN CAPITAL LETTER O WITH STROKE AND CURL,LATIN CAPITAL LETTER O WITH STROKE AND CURL
E3E5,LATIN CAPITAL LETTER INSULAR F WITH DOT BELOW,LATIN CAPITAL LETTER INSULAR F WITH DOT BELOW
E3E6,LATIN CAPITAL LETTER INSULAR V WITH DOT BELOW,LATIN CAPITAL LETTER INSULAR V WITH DOT BELOW
E3E7,LATIN CAPITAL LETTER INSULAR V WITH DOT ABOVE,LATIN CAPITAL LETTER INSULAR V WITH DOT ABOVE
E404,LATIN SMALL LETTER A WITH OGONEK AND ACUTE,LATIN SMALL LETTER A WITH OGONEK AND ACUTE
E40A,LATIN SMALL LETTER A WITH MACRON AND ACUTE,LATIN SMALL LETTER A WITH MACRON AND ACUTE
E410,LATIN SMALL LETTER A WITH MACRON AND BREVE,LATIN SMALL LETTER A WITH MACRON AND BREVE
E41A,LATIN SMALL LETTER A WITH DIAERESIS AND CIRCUMFLEX,LATIN SMALL LETTER A WITH DIAERESIS AND CIRCUMFLEX
E41D,LATIN SMALL LETTER A WITH DIAERESIS AND DOT BELOW,LATIN SMALL LETTER A WITH DIAERESIS AND DOT BELOW
E41F,LATIN SMALL LETTER A WITH RING ABOVE AND CIRCUMFLEX,LATIN SMALL LETTER A WITH RING ABOVE AND CIRCUMFLEX
E425,LATIN SMALL LETTER A WITH DOUBLE ACUTE,LATIN SMALL LETTER A WITH DOUBLE ACUTE
E42C,LATIN SMALL LETTER A WITH LATIN SMALL LETTER E ABOVE,LATIN SMALL LETTER A WITH LATIN SMALL LETTER E ABOVE
E42D,LATIN SMALL LETTER A WITH LATIN SMALL LETTER O ABOVE,LATIN SMALL LETTER A WITH LATIN SMALL LETTER O ABOVE
E42E,LATIN SMALL LETTER A WITH LATIN SMALL LETTER V ABOVE,LATIN SMALL LETTER A WITH LATIN SMALL LETTER V ABOVE
E433,LATIN SMALL LETTER A WITH CURL,LATIN SMALL LETTER A WITH CURL
E436,LATIN SMALL LETTER AE WITH DOT BELOW,LATIN SMALL LETTER AE WITH DOT BELOW
E43A,LATIN SMALL LETTER AE WITH MACRON AND ACUTE,LATIN SMALL LETTER AE WITH MACRON AND ACUTE
E43D,LATIN SMALL LETTER AE WITH MACRON AND BREVE,LATIN SMALL LETTER AE WITH MACRON AND BREVE
E43F,LATIN SMALL LETTER AE WITH BREVE,LATIN SMALL LETTER AE WITH BREVE
E440,LATIN SMALL LETTER AE WITH OGONEK,LATIN SMALL LETTER AE WITH OGONEK
E441,LATIN SMALL LETTER AE WITH DOUBLE ACUTE,LATIN SMALL LETTER AE WITH DOUBLE ACUTE
E442,LATIN SMALL LETTER AE WITH DIAERESIS,LATIN SMALL LETTER AE WITH DIAERESIS
E443,LATIN SMALL LETTER AE WITH DOT ABOVE,LATIN SMALL LETTER AE WITH DOT ABOVE
E444,LATIN SMALL LETTER B WITH ACUTE,LATIN SMALL LETTER B WITH ACUTE
E44D,LATIN SMALL LETTER B WITH MEDIUM-HIGH OVERLINE,LATIN SMALL LETTER B WITH MEDIUM-HIGH OVERLINE
E466,LATIN SMALL LETTER C WITH DOT BELOW,LATIN SMALL LETTER C WITH DOT BELOW
E476,LATIN SMALL LETTER C WITH OGONEK,LATIN SMALL LETTER C WITH OGONEK
E477,LATIN SMALL LETTER D WITH ACUTE,LATIN SMALL LETTER D WITH ACUTE
E48F,LATIN SMALL LETTER ETH WITH DOT BELOW,LATIN SMALL LETTER ETH WITH DOT BELOW
E491,LATIN SMALL LETTER D WITH MEDIUM-HIGH OVERLINE,LATIN SMALL LETTER D WITH MEDIUM-HIGH OVERLINE
E498,LATIN SMALL LETTER E WITH DOT BELOW AND ACUTE,LATIN SMALL LETTER E WITH DOT BELOW AND ACUTE
E499,LATIN SMALL LETTER E WITH OGONEK AND ACUTE,LATIN SMALL LETTER E WITH OGONEK AND ACUTE
E49F,LATIN SMALL LETTER E WITH OGONEK AND CIRCUMFLEX,LATIN SMALL LETTER E WITH OGONEK AND CIRCUMFLEX
E4B7,LATIN SMALL LETTER E WITH MACRON AND BREVE,LATIN SMALL LETTER E WITH MACRON AND BREVE
E4BC,LATIN SMALL LETTER E WITH OGONEK AND MACRON,LATIN SMALL LETTER E WITH OGONEK AND MACRON
E4C8,LATIN SMALL LETTER E WITH DOT ABOVE AND ACUTE,LATIN SMALL LETTER E WITH DOT ABOVE AND ACUTE
E4CD,LATIN SMALL LETTER E WITH DIAERESIS AND MACRON,LATIN SMALL LETTER E WITH DIAERESIS AND MACRON
E4CF,LATIN SMALL LETTER E WITH RING ABOVE,LATIN SMALL LETTER E WITH RING ABOVE
E4D1,LATIN SMALL LETTER E WITH DOUBLE ACUTE,LATIN SMALL LETTER E WITH DOUBLE ACUTE
E4E1,LATIN SMALL LETTER E WITH LATIN SMALL LETTER A ABOVE,LATIN SMALL LETTER E WITH LATIN SMALL LETTER A ABOVE
E4E2,LATIN SMALL LETTER E WITH LATIN SMALL LETTER I ABOVE,LATIN SMALL LETTER E WITH LATIN SMALL LETTER I ABOVE
E4E3,LATIN SMALL LETTER E WITH LATIN SMALL LETTER V ABOVE,LATIN SMALL LETTER E WITH LATIN SMALL LETTER V ABOVE
E4E8,LATIN SMALL LETTER E WITH OGONEK AND DOT BELOW,LATIN SMALL LETTER E WITH OGONEK AND DOT BELOW
E4E9,LATIN SMALL LETTER E WITH CURL,LATIN SMALL LETTER E WITH CURL
E4EA,LATIN SMALL LETTER E WITH OGONEK AND DOUBLE ACUTE,LATIN SMALL LETTER E WITH OGONEK AND DOUBLE ACUTE
E4EB,LATIN SMALL LETTER E WITH OGONEK AND DOT ABOVE,LATIN SMALL LETTER E WITH OGONEK AND DOT ABOVE
E4EC,LATIN SMALL LETTER E WITH OGONEK AND DOT ABOVE AND ACUTE,LATIN SMALL LETTER E WITH OGONEK AND DOT ABOVE AND ACUTE
E4EE,LATIN SMALL LETTER F WITH DOT BELOW,LATIN SMALL LETTER F WITH DOT BELOW
E4F0,LATIN SMALL LETTER F WITH ACUTE,LATIN SMALL LETTER F WITH ACUTE
E501,LATIN SMALL LETTER G WITH DOT BELOW,LATIN SMALL LETTER G WITH DOT BELOW
E516,LATIN SMALL LETTER H WITH ACUTE,LATIN SMALL LETTER H WITH ACUTE
E517,LATIN SMALL LETTER H WITH MEDIUM-HIGH OVERLINE,LATIN SMALL LETTER H WITH MEDIUM-HIGH OVERLINE
E52A,LATIN SMALL LETTER I WITH CURL,LATIN SMALL LETTER I WITH CURL
E535,LATIN SMALL LETTER I WITH MACRON AND ACUTE,LATIN SMALL LETTER I WITH MACRON AND ACUTE
E537,LATIN SMALL LETTER I WITH MACRON AND BREVE,LATIN SMALL LETTER I WITH MACRON AND BREVE
E543,LATIN SMALL LETTER I WITH DOUBLE ACUTE,LATIN SMALL LETTER I WITH DOUBLE ACUTE
E548,LATIN SMALL LETTER I WITH INVERTED BREVE BELOW,LATIN SMALL LETTER I WITH INVERTED BREVE BELOW
E54A,LATIN SMALL LETTER I WITH LATIN SMALL LETTER E ABOVE,LATIN SMALL LETTER I WITH LATIN SMALL LETTER E ABOVE
E54B,LATIN SMALL LETTER I WITH LATIN SMALL LETTER V ABOVE,LATIN SMALL LETTER I WITH LATIN SMALL LETTER V ABOVE
E550,LATIN SMALL LETTER I WITH MEDIUM-HIGH OVERLINE,LATIN SMALL LETTER I WITH MEDIUM-HIGH OVERLINE
E551,LATIN SMALL LETTER J WITH DOT BELOW,LATIN SMALL LETTER J WITH DOT BELOW
E552,LATIN SMALL LETTER J WITH MEDIUM-HIGH OVERLINE,LATIN SMALL LETTER J WITH MEDIUM-HIGH OVERLINE
E553,LATIN SMALL LETTER J WITH ACUTE,LATIN SMALL LETTER J WITH ACUTE
E554,LATIN SMALL LETTER J WITH MEDIUM-HIGH MACRON,LATIN SMALL LETTER J WITH MEDIUM-HIGH MACRON
E562,LATIN SMALL LETTER J WITH DOUBLE ACUTE,LATIN SMALL LETTER J WITH DOUBLE ACUTE
E563,LATIN SMALL LETTER J WITH CURL,LATIN SMALL LETTER J WITH CURL
E568,LATIN SMALL LETTER K WITH DOT ABOVE,LATIN SMALL LETTER K WITH DOT ABOVE
E58C,LATIN SMALL LETTER L WITH HIGH OVERLINE,LATIN SMALL LETTER L WITH HIGH OVERLINE
E596,LATIN SMALL LETTER L WITH HIGH MACRON,LATIN SMALL LETTER L WITH HIGH MACRON
E59E,LATIN SMALL LETTER L WITH DOT ABOVE,LATIN SMALL LETTER L WITH DOT ABOVE
E5A4,LATIN SMALL LETTER L WITH RING BELOW,LATIN SMALL LETTER L WITH RING BELOW
E5B1,LATIN SMALL LETTER L WITH MEDIUM-HIGH OVERLINE,LATIN SMALL LETTER L WITH MEDIUM-HIGH OVERLINE
E5B8,LATIN SMALL LETTER M WITH MEDIUM-HIGH MACRON,LATIN SMALL LETTER M WITH MEDIUM-HIGH MACRON
E5C5,LATIN SMALL LETTER M WITH RING BELOW,LATIN SMALL LETTER M WITH RING BELOW
E5D2,LATIN SMALL LETTER M WITH MEDIUM-HIGH OVERLINE,LATIN SMALL LETTER M WITH MEDIUM-HIGH OVERLINE
E5D7,LATIN SMALL LETTER N WITH CIRCUMFLEX,LATIN SMALL LETTER N WITH CIRCUMFLEX
E5DC,LATIN SMALL LETTER N WITH MEDIUM-HIGH MACRON,LATIN SMALL LETTER N WITH MEDIUM-HIGH MACRON
E5EE,LATIN SMALL LETTER N WITH RING BELOW,LATIN SMALL LETTER N WITH RING BELOW
E608,LATIN SMALL LETTER O WITH OGONEK AND DOT BELOW,LATIN SMALL LETTER O WITH OGONEK AND DOT BELOW
E60C,LATIN SMALL LETTER O WITH OGONEK AND ACUTE,LATIN SMALL LETTER O WITH OGONEK AND ACUTE
E60E,LATIN SMALL LETTER O WITH OGONEK AND CIRCUMFLEX,LATIN SMALL LETTER O WITH OGONEK AND CIRCUMFLEX
E61B,LATIN SMALL LETTER O WITH MACRON AND BREVE,LATIN SMALL LETTER O WITH MACRON AND BREVE
E62C,LATIN SMALL LETTER O WITH DIAERESIS AND ACUTE,LATIN SMALL LETTER O WITH DIAERESIS AND ACUTE
E62D,LATIN SMALL LETTER O WITH DIAERESIS AND CIRCUMFLEX,LATIN SMALL LETTER O WITH DIAERESIS AND CIRCUMFLEX
E637,LATIN SMALL LETTER O WITH RING ABOVE,LATIN SMALL LETTER O WITH RING ABOVE
E643,LATIN SMALL LETTER O WITH LATIN SMALL LETTER A ABOVE,LATIN SMALL LETTER O WITH LATIN SMALL LETTER A ABOVE
E644,LATIN SMALL LETTER O WITH LATIN SMALL LETTER E ABOVE,LATIN SMALL LETTER O WITH LATIN SMALL LETTER E ABOVE
E645,LATIN SMALL LETTER O WITH LATIN SMALL LETTER I ABOVE,LATIN SMALL LETTER O WITH LATIN SMALL LETTER I ABOVE
E646,LATIN SMALL LETTER O WITH LATIN SMALL LETTER U ABOVE,LATIN SMALL LETTER O WITH LATIN SMALL LETTER U ABOVE
E647,LATIN SMALL LETTER O WITH LATIN SMALL LETTER V ABOVE,LATIN SMALL LETTER O WITH LATIN SMALL LETTER V ABOVE
E64F,LATIN SMALL LETTER O WITH OGONEK AND CURL,LATIN SMALL LETTER O WITH OGONEK AND CURL
E652,LATIN SMALL LETTER O WITH STROKE AND MACRON,LATIN SMALL LETTER O WITH STROKE AND MACRON
E653,LATIN SMALL LETTER O WITH STROKE AND MACRON AND BREVE,LATIN SMALL LETTER O WITH STROKE AND MACRON AND BREVE
E655,LATIN SMALL LETTER O WITH STROKE AND OGONEK,LATIN SMALL LETTER O WITH STROKE AND OGONEK
E657,LATIN SMALL LETTER O WITH STROKE AND OGONEK AND ACUTE,LATIN SMALL LETTER O WITH STROKE AND OGONEK AND ACUTE
E659,LATIN SMALL LIGATURE OE WITH ACUTE,LATIN SMALL LIGATURE OE WITH ACUTE
E65D,LATIN SMALL LIGATURE OE WITH MACRON,LATIN SMALL LIGATURE OE WITH MACRON
E660,LATIN SMALL LIGATURE OE WITH MACRON AND BREVE,LATIN SMALL LIGATURE OE WITH MACRON AND BREVE
E662,LATIN SMALL LIGATURE OE WITH OGONEK,LATIN SMALL LIGATURE OE WITH OGONEK
E665,LATIN SMALL LETTER P WITH MACRON,LATIN SMALL LETTER P WITH MACRON
E668,LATIN SMALL LETTER P WITH DOUBLE ACUTE,LATIN SMALL LETTER P WITH DOUBLE ACUTE
E66D,LATIN SMALL LETTER P WITH DOT BELOW,LATIN SMALL LETTER P WITH DOT BELOW
E681,LATIN SMALL LETTER Q WITH MACRON,LATIN SMALL LETTER Q WITH MACRON
E682,LATIN SMALL LETTER Q WITH DOT ABOVE,LATIN SMALL LETTER Q WITH DOT ABOVE
E688,LATIN SMALL LETTER Q WITH DOT BELOW,LATIN SMALL LETTER Q WITH DOT BELOW
E68B,LATIN SMALL LETTER Q WITH STROKE THROUGH DESCENDER AND TILDE,LATIN SMALL LETTER Q WITH STROKE THROUGH DESCENDER AND TILDE
E6A3,LATIN SMALL LETTER R WITH RING BELOW,LATIN SMALL LETTER R WITH RING BELOW
E6E2,LATIN SMALL LETTER T WITH ACUTE,LATIN SMALL LETTER T WITH ACUTE
E6EE,LATIN SMALL LETTER T WITH OGONEK,LATIN SMALL LETTER T WITH OGONEK
E709,LATIN SMALL LETTER U WITH MACRON AND ACUTE,LATIN SMALL LETTER U WITH MACRON AND ACUTE
E70B,LATIN SMALL LETTER U WITH MACRON AND BREVE,LATIN SMALL LETTER U WITH MACRON AND BREVE
E715,LATIN SMALL LETTER U WITH DOT ABOVE,LATIN SMALL LETTER U WITH DOT ABOVE
E717,LATIN SMALL LETTER U WITH DIAERESIS AND CIRCUMFLEX,LATIN SMALL LETTER U WITH DIAERESIS AND CIRCUMFLEX
E724,LATIN SMALL LETTER U WITH VERTICAL LINE ABOVE,LATIN SMALL LETTER U WITH VERTICAL LINE ABOVE
E727,LATIN SMALL LETTER U WITH INVERTED BREVE BELOW,LATIN SMALL LETTER U WITH INVERTED BREVE BELOW
E72B,LATIN SMALL LETTER U WITH LATIN SMALL LETTER E ABOVE,LATIN SMALL LETTER U WITH LATIN SMALL LETTER E ABOVE
E72C,LATIN SMALL LETTER U WITH LATIN SMALL LETTER I ABOVE,LATIN SMALL LETTER U WITH LATIN SMALL LETTER I ABOVE
E72D,LATIN SMALL LETTER U WITH LATIN SMALL LETTER O ABOVE,LATIN SMALL LETTER U WITH LATIN SMALL LETTER O ABOVE
E731,LATIN SMALL LETTER U WITH CURL,LATIN SMALL LETTER U WITH CURL
E734,LATIN SMALL LIGATURE THORN AND LONG S,LATIN SMALL LIGATURE THORN AND LONG S
E735,LATIN SMALL LIGATURE THORN AND LONG S WITH STROKE,LATIN SMALL LIGATURE THORN AND LONG S WITH STROKE
E737,LATIN SMALL LETTER THORN WITH ACUTE,LATIN SMALL LETTER THORN WITH ACUTE
E73A,LATIN SMALL LETTER V WITH ACUTE,LATIN SMALL LETTER V WITH ACUTE
E73B,LATIN SMALL LETTER V WITH CIRCUMFLEX,LATIN SMALL LETTER V WITH CIRCUMFLEX
E742,LATIN SMALL LETTER V WITH DIAERESIS,LATIN SMALL LETTER V WITH DIAERESIS
E743,LATIN SMALL LETTER V WITH RING ABOVE,LATIN SMALL LETTER V WITH RING ABOVE
E74B,LATIN SMALL LETTER V WITH DOUBLE ACUTE,LATIN SMALL LETTER V WITH DOUBLE ACUTE
E74C,LATIN SMALL LETTER V WITH DOT ABOVE,LATIN SMALL LETTER V WITH DOT ABOVE
E74D,LATIN SMALL LETTER V WITH MACRON,LATIN SMALL LETTER V WITH MACRON
E74E,LATIN SMALL LETTER V WITH BAR,LATIN SMALL LETTER V WITH BAR
E74F,LATIN SMALL LETTER V WITH VERTICAL LINE ABOVE,LATIN SMALL LETTER V WITH VERTICAL LINE ABOVE
E750,LATIN SMALL LETTER W WITH DOUBLE ACUTE,LATIN SMALL LETTER W WITH DOUBLE ACUTE
E753,LATIN SMALL LETTER W WITH LATIN SMALL LETTER E ABOVE,LATIN SMALL LETTER W WITH LATIN SMALL LETTER E ABOVE
E754,LATIN SMALL LETTER W WITH LATIN SMALL LETTER O ABOVE,LATIN SMALL LETTER W WITH LATIN SMALL LETTER O ABOVE
E757,LATIN SMALL LETTER W WITH MACRON,LATIN SMALL LETTER W WITH MACRON
E773,LATIN SMALL LETTER Y WITH MACRON AND ACUTE,LATIN SMALL LETTER Y WITH MACRON AND ACUTE
E775,LATIN SMALL LETTER Y WITH MACRON AND BREVE,LATIN SMALL LETTER Y WITH MACRON AND BREVE
E776,LATIN SMALL LETTER Y WITH BREVE,LATIN SMALL LETTER Y WITH BREVE
E77B,LATIN SMALL LETTER Y WITH BAR,LATIN SMALL LETTER Y WITH BAR
E77C,LATIN SMALL LETTER Y WITH DOUBLE ACUTE,LATIN SMALL LETTER Y WITH DOUBLE ACUTE
E781,LATIN SMALL LETTER Y WITH LATIN SMALL LETTER E ABOVE,LATIN SMALL LETTER Y WITH LATIN SMALL LETTER E ABOVE
E784,LATIN SMALL LETTER Y WITH DOT ABOVE AND ACUTE,LATIN SMALL LETTER Y WITH DOT ABOVE AND ACUTE
E785,LATIN SMALL LETTER Y WITH CURL,LATIN SMALL LETTER Y WITH CURL
E79E,LATIN SMALL LETTER LONG S WITH MEDIUM-HIGH OVERLINE,LATIN SMALL LETTER LONG S WITH MEDIUM-HIGH OVERLINE
E79F,LATIN SMALL LETTER THORN WITH DOT BELOW,LATIN SMALL LETTER THORN WITH DOT BELOW
E7A2,LATIN SMALL LETTER THORN WITH MEDIUM-HIGH OVERLINE,LATIN SMALL LETTER THORN WITH MEDIUM-HIGH OVERLINE
E7B2,LATIN SMALL LETTER N WITH BAR,LATIN SMALL LETTER N WITH BAR
E7C1,LATIN SMALL LETTER R ROTUNDA WITH DOT BELOW,LATIN SMALL LETTER R ROTUNDA WITH DOT BELOW
E7C2,LATIN SMALL LETTER LONG S WITH DOT BELOW,LATIN SMALL LETTER LONG S WITH DOT BELOW
E7C3,LATIN SMALL LETTER K WITH MEDIUM-HIGH OVERLINE,LATIN SMALL LETTER K WITH MEDIUM-HIGH OVERLINE
E7C7,LATIN SMALL LIGATURE H AND LONG S WITH STROKE,LATIN SMALL LIGATURE H AND LONG S WITH STROKE
E7C8,LATIN SMALL LIGATURE K AND LONG S WITH STROKE,LATIN SMALL LIGATURE K AND LONG S WITH STROKE
E7CC,LATIN SMALL LETTER OPEN O WITH MACRON,LATIN SMALL LETTER OPEN O WITH MACRON
E7D3,LATIN SMALL LETTER O WITH CURL,LATIN SMALL LETTER O WITH CURL
E7D4,LATIN SMALL LETTER O WITH STROKE AND CURL,LATIN SMALL LETTER O WITH STROKE AND CURL
E7E4,LATIN SMALL LETTER R WITH LONG LEG AND STROKE THROUGH DESCENDER,LATIN SMALL LETTER R WITH LONG LEG AND STROKE THROUGH DESCENDER
E7E5,LATIN SMALL LETTER INSULAR F WITH DOT BELOW,LATIN SMALL LETTER INSULAR F WITH DOT BELOW
E7E6,LATIN SMALL LETTER INSULAR V WITH DOT BELOW,LATIN SMALL LETTER INSULAR V WITH DOT BELOW
E7E7,LATIN SMALL LETTER INSULAR V WITH DOT ABOVE,LATIN SMALL LETTER INSULAR V WITH DOT ABOVE
E8A1,LATIN SMALL LETTER I WITH TWO STROKES,LATIN SMALL LETTER I WITH TWO STROKES
E8A2,LATIN SMALL LETTER J WITH TWO STROKES,LATIN SMALL LETTER J WITH TWO STROKES
E8A3,LATIN ABBREVIATION SIGN AUTEM,LATIN ABBREVIATION SIGN AUTEM
E8B3,LATIN SMALL LETTER Q LIGATED WITH R ROTUNDA,LATIN SMALL LETTER Q LIGATED WITH R ROTUNDA
E8B4,LATIN SMALL LETTER Q WITH CENTRAL SLANTED STROKE,LATIN SMALL LETTER Q WITH CENTRAL SLANTED STROKE
E8B7,LATIN SMALL LETTER LONG S WITH FLOURISH,LATIN SMALL LETTER LONG S WITH FLOURISH
E8B8,LATIN SMALL LETTER LONG S WITH SLANTED DESCENDING STROKE,LATIN SMALL LETTER LONG S WITH SLANTED DESCENDING STROKE
E8BA,LATIN SMALL LETTER V WITH SHORT SLASH,LATIN SMALL LETTER V WITH SHORT SLASH
E8BB,LATIN SMALL LETTER V WITH SHORT SLASH ABOVE RIGHT,LATIN SMALL LETTER V WITH SHORT SLASH ABOVE RIGHT
E8BC,LATIN SMALL LETTER V WITH TWO SHORT SLASHES ABOVE RIGHT,LATIN SMALL LETTER V WITH TWO SHORT SLASHES ABOVE RIGHT
E8BD,LATIN SMALL LETTER X WITH SHORT SLASH ABOVE LEFT,LATIN SMALL LETTER X WITH SHORT SLASH ABOVE LEFT
E8BE,LATIN SMALL LETTER X WITH SHORT SLASH BELOW RIGHT,LATIN SMALL LETTER X WITH SHORT SLASH BELOW RIGHT
E8BF,LATIN SMALL LETTER Q LIGATED WITH FINAL ET,LATIN SMALL LETTER Q LIGATED WITH FINAL ET
E8C1,LATIN SMALL LETTER THORN LIGATED WITH ARM OF LATIN SMALL LETTER R,LATIN SMALL LETTER THORN LIGATED WITH ARM OF LATIN SMALL LETTER R
E8C2,LATIN CAPITAL LETTER H LIGATED WITH ARM OF LATIN SMALL LETTER R,LATIN CAPITAL LETTER H LIGATED WITH ARM OF LATIN SMALL LETTER R
E8C3,LATIN SMALL LETTER H LIGATED WITH ARM OF LATIN SMALL LETTER R,LATIN SMALL LETTER H LIGATED WITH ARM OF LATIN SMALL LETTER R
E8C5,LATIN SMALL LETTER K LIGATED WITH ARM OF LATIN SMALL LETTER R,LATIN SMALL LETTER K LIGATED WITH ARM OF LATIN SMALL LETTER R
E8C6,LATIN CAPITAL LIGATURE UU,LATIN CAPITAL LIGATURE UU
E8C7,LATIN SMALL LIGATURE UU,LATIN SMALL LIGATURE UU
E8C8,LATIN CAPITAL LIGATURE UE,LATIN CAPITAL LIGATURE UE
E8C9,LATIN SMALL LIGATURE UE,LATIN SMALL LIGATURE UE
E8CE,LATIN SMALL LETTER X WITH TWO SHORT SLASHES BELOW RIGHT,LATIN SMALL LETTER X WITH TWO SHORT SLASHES BELOW RIGHT
E8D1,LATIN SMALL LETTER AE WITH RING ABOVE,LATIN SMALL LETTER AE WITH RING ABOVE
E8D3,LATIN SMALL LETTER AE WITH OGONEK AND ACUTE,LATIN SMALL LETTER AE WITH OGONEK AND ACUTE
E8D5,LATIN SMALL LETTER A WITH DIAGONAL DIAERESIS,LATIN SMALL LETTER A WITH DIAGONAL DIAERESIS
E8D7,LATIN SMALL LETTER O WITH DIAGONAL DIAERESIS,LATIN SMALL LETTER O WITH DIAGONAL DIAERESIS
E8DD,LATIN SMALL LETTER DOTLESS I WITH OGONEK,LATIN SMALL LETTER DOTLESS I WITH OGONEK
E8DE,LATIN SMALL LIGATURE O R ROTUNDA,LATIN SMALL LIGATURE O R ROTUNDA
E8DF,LATIN SMALL LIGATURE LONG S L WITH STROKE,LATIN SMALL LIGATURE LONG S L WITH STROKE
E8E0,LATIN SMALL LETTER A WITH LATIN SMALL LETTER I ABOVE,LATIN SMALL LETTER A WITH LATIN SMALL LETTER I ABOVE
E8E1,LATIN SMALL LETTER A WITH LATIN SMALL LETTER U ABOVE,LATIN SMALL LETTER A WITH LATIN SMALL LETTER U ABOVE
E8E2,LATIN SMALL LETTER E WITH LATIN SMALL LETTER E ABOVE,LATIN SMALL LETTER E WITH LATIN SMALL LETTER E ABOVE
E8E3,LATIN SMALL LETTER E WITH LATIN SMALL LETTER O ABOVE,LATIN SMALL LETTER E WITH LATIN SMALL LETTER O ABOVE
E8E4,LATIN SMALL LETTER I WITH LATIN SMALL LETTER A ABOVE,LATIN SMALL LETTER I WITH LATIN SMALL LETTER A ABOVE
E8E5,LATIN SMALL LETTER I WITH LATIN SMALL LETTER O ABOVE,LATIN SMALL LETTER I WITH LATIN SMALL LETTER O ABOVE
E8E6,LATIN SMALL LETTER I WITH LATIN SMALL LETTER U ABOVE,LATIN SMALL LETTER I WITH LATIN SMALL LETTER U ABOVE
E8E7,LATIN SMALL LETTER J WITH LATIN SMALL LETTER E ABOVE,LATIN SMALL LETTER J WITH LATIN SMALL LETTER E ABOVE
E8E8,LATIN SMALL LETTER M WITH LATIN SMALL LETTER E ABOVE,LATIN SMALL LETTER M WITH LATIN SMALL LETTER E ABOVE
E8E9,LATIN SMALL LETTER O WITH LATIN SMALL LETTER O ABOVE,LATIN SMALL LETTER O WITH LATIN SMALL LETTER O ABOVE
E8EA,LATIN SMALL LETTER R WITH LATIN SMALL LETTER E ABOVE,LATIN SMALL LETTER R WITH LATIN SMALL LETTER E ABOVE
E8EB,LATIN SMALL LETTER U WITH LATIN SMALL LETTER A ABOVE,LATIN SMALL LETTER U WITH LATIN SMALL LETTER A ABOVE
E8EC,LATIN SMALL LETTER U WITH LATIN SMALL LETTER V ABOVE,LATIN SMALL LETTER U WITH LATIN SMALL LETTER V ABOVE
E8ED,LATIN SMALL LETTER U WITH LATIN SMALL LETTER W ABOVE,LATIN SMALL LETTER U WITH LATIN SMALL LETTER W ABOVE
E8F0,LATIN SMALL LETTER W WITH LATIN SMALL LETTER A ABOVE,LATIN SMALL LETTER W WITH LATIN SMALL LETTER A ABOVE
E8F1,LATIN SMALL LETTER W WITH LATIN SMALL LETTER I ABOVE,LATIN SMALL LETTER W WITH LATIN SMALL LETTER I ABOVE
E8F2,LATIN SMALL LETTER W WITH LATIN SMALL LETTER U ABOVE,LATIN SMALL LETTER W WITH LATIN SMALL LETTER U ABOVE
E8F3,LATIN SMALL LETTER W WITH LATIN SMALL LETTER V ABOVE,LATIN SMALL LETTER W WITH LATIN SMALL LETTER V ABOVE
EAD0,LATIN SMALL LIGATURE GR,LATIN SMALL LIGATURE GR
EAD1,LATIN SMALL LIGATURE Q INSULAR V,LATIN SMALL LIGATURE Q INSULAR V
EAD2,LATIN SMALL LIGATURE GP,LATIN SMALL LIGATURE GP
EADA,LATIN SMALL LIGATURE LONG S DESCENDING T,LATIN SMALL LIGATURE LONG S DESCENDING T
EAF0,LATIN ENLARGED LETTER SMALL A WITH ACUTE,LATIN ENLARGED LETTER SMALL A WITH ACUTE
EAF1,LATIN ENLARGED LETTER SMALL LIGATURE AE,LATIN ENLARGED LETTER SMALL LIGATURE AE
EAF2,LATIN LIGATURE ENLARGED LETTER SMALL A AND LATIN SMALL LETTER O,LATIN LIGATURE ENLARGED LETTER SMALL A AND LATIN SMALL LETTER O
EAF3,LATIN ENLARGED LETTER SMALL E WITH OGONEK,LATIN ENLARGED LETTER SMALL E WITH OGONEK
EBA0,LATIN SMALL LIGATURE LONG S A WITH DIAERESIS,LATIN SMALL LIGATURE LONG S A WITH DIAERESIS
EBA1,LATIN SMALL LIGATURE LONG S H,LATIN SMALL LIGATURE LONG S H
EBA2,LATIN SMALL LIGATURE LONG S I,LATIN SMALL LIGATURE LONG S I
EBA3,LATIN SMALL LIGATURE LONG S L,LATIN SMALL LIGATURE LONG S L
EBA4,LATIN SMALL LIGATURE LONG S O WITH DIAERESIS,LATIN SMALL LIGATURE LONG S O WITH DIAERESIS
EBA5,LATIN SMALL LIGATURE LONG S P,LATIN SMALL LIGATURE LONG S P
EBA6,LATIN SMALL LIGATURE LONG S LONG S,LATIN SMALL LIGATURE LONG S LONG S
EBA7,LATIN SMALL LIGATURE LONG S LONG S I,LATIN SMALL LIGATURE LONG S LONG S I
EBA8,LATIN SMALL LIGATURE LONG S LONG S L,LATIN SMALL LIGATURE LONG S LONG S L
EBA9,LATIN SMALL LIGATURE LONG S TI,LATIN SMALL LIGATURE LONG S TI
EBAA,LATIN SMALL LIGATURE LONG S TR,LATIN SMALL LIGATURE LONG S TR
EBAB,LATIN SMALL LIGATURE LONG S U WITH DIAERESIS,LATIN SMALL LIGATURE LONG S U WITH DIAERESIS
EBAC,LATIN SMALL LIGATURE LONG S INSULAR V,LATIN SMALL LIGATURE LONG S INSULAR V
EBAD,LATIN SMALL LIGATURE H AND LONG S,LATIN SMALL LIGATURE H AND LONG S
EBAE,LATIN SMALL LIGATURE K AND LONG S,LATIN SMALL LIGATURE K AND LONG S
EBAF,LATIN SMALL LETTER LONG S WITH ACUTE,LATIN SMALL LETTER LONG S WITH ACUTE
EBB0,LATIN CAPITAL LIGATURE AV WITH STROKE AND ACUTE,LATIN CAPITAL LIGATURE AV WITH STROKE AND ACUTE
EBB1,LATIN SMALL LIGATURE AV WITH STROKE AND ACUTE,LATIN SMALL LIGATURE AV WITH STROKE AND ACUTE
EBB2,LATIN SMALL LETTER D ROTUNDA WITH ACUTE,LATIN SMALL LETTER D ROTUNDA WITH ACUTE
EBB3,LATIN CAPITAL LETTER INSULAR F WITH ACUTE,LATIN CAPITAL LETTER INSULAR F WITH ACUTE
EBB4,LATIN SMALL LETTER INSULAR F WITH ACUTE,LATIN SMALL LETTER INSULAR F WITH ACUTE
EBB5,LATIN CAPITAL LETTER M UNCIAL FORM WITH ACUTE,LATIN CAPITAL LETTER M UNCIAL FORM WITH ACUTE
EBB6,LATIN MEDIUSCULE LETTER M UNCIAL FORM WITH ACUTE,LATIN MEDIUSCULE LETTER M UNCIAL FORM WITH ACUTE
EBB7,LATIN CAPITAL LETTER O WITH CURL AND ACUTE,LATIN CAPITAL LETTER O WITH CURL AND ACUTE
EBB8,LATIN SMALL LETTER O WITH CURL AND ACUTE,LATIN SMALL LETTER O WITH CURL AND ACUTE
EBB9,LATIN SMALL LETTER R ROTUNDA WITH ACUTE,LATIN SMALL LETTER R ROTUNDA WITH ACUTE
EBBA,LATIN CAPITAL LETTER INSULAR V WITH ACUTE,LATIN CAPITAL LETTER INSULAR V WITH ACUTE
EBBB,LATIN SMALL LETTER INSULAR V WITH ACUTE,LATIN SMALL LETTER INSULAR V WITH ACUTE
EBBD,LATIN SMALL LETTER EA WITH CIRCUMFLEX,LATIN SMALL LETTER EA WITH CIRCUMFLEX
EBBE,LATIN SMALL LETTER EU WITH CIRCUMFLEX,LATIN SMALL LETTER EU WITH CIRCUMFLEX
EBBF,LATIN SMALL LETTER U WITH CURLY BAR ABOVE,LATIN SMALL LETTER U WITH CURLY BAR ABOVE
EBC0,LATIN CAPITAL LIGATURE AO WITH DOUBLE ACUTE,LATIN CAPITAL LIGATURE AO WITH DOUBLE ACUTE
EBC1,LATIN SMALL LIGATURE AO WITH DOUBLE ACUTE,LATIN SMALL LIGATURE AO WITH DOUBLE ACUTE
EBC2,LATIN CAPITAL LIGATURE AV WITH DOUBLE ACUTE,LATIN CAPITAL LIGATURE AV WITH DOUBLE ACUTE
EBC3,LATIN SMALL LIGATURE AV WITH DOUBLE ACUTE,LATIN SMALL LIGATURE AV WITH DOUBLE ACUTE
EBC4,LATIN CAPITAL LETTER O WITH OGONEK AND DOUBLE ACUTE,LATIN CAPITAL LETTER O WITH OGONEK AND DOUBLE ACUTE
EBC5,LATIN SMALL LETTER O WITH OGONEK AND DOUBLE ACUTE,LATIN SMALL LETTER O WITH OGONEK AND DOUBLE ACUTE
EBC6,LATIN CAPITAL LETTER O WITH STROKE AND DOUBLE ACUTE,LATIN CAPITAL LETTER O WITH STROKE AND DOUBLE ACUTE
EBC7,LATIN SMALL LETTER O WITH STROKE AND DOUBLE ACUTE,LATIN SMALL LETTER O WITH STROKE AND DOUBLE ACUTE
EBC8,LATIN CAPITAL LIGATURE OE WITH DOUBLE ACUTE,LATIN CAPITAL LIGATURE OE WITH DOUBLE ACUTE
EBC9,LATIN SMALL LIGATURE OE WITH DOUBLE ACUTE,LATIN SMALL LIGATURE OE WITH DOUBLE ACUTE
EBCA,LATIN CAPITAL LIGATURE YY WITH DOUBLE ACUTE,LATIN CAPITAL LIGATURE YY WITH DOUBLE ACUTE
EBCB,LATIN SMALL LIGATURE YY WITH DOUBLE ACUTE,LATIN SMALL LIGATURE YY WITH DOUBLE ACUTE
EBCD,LATIN CAPITAL LETTER O WITH STROKE AND DOT ABOVE,LATIN CAPITAL LETTER O WITH STROKE AND DOT ABOVE
EBCE,LATIN SMALL LETTER O WITH STROKE AND DOT ABOVE,LATIN SMALL LETTER O WITH STROKE AND DOT ABOVE
EBCF,LATIN LETTER SMALL CAPITAL P WITH DOT ABOVE,LATIN LETTER SMALL CAPITAL P WITH DOT ABOVE
EBD0,LATIN LETTER SMALL CAPITAL B WITH DOT ABOVE,LATIN LETTER SMALL CAPITAL B WITH DOT ABOVE
EBD1,LATIN SMALL LETTER D ROTUNDA WITH DOT ABOVE,LATIN SMALL LETTER D ROTUNDA WITH DOT ABOVE
EBD2,LATIN LETTER SMALL CAPITAL D WITH DOT ABOVE,LATIN LETTER SMALL CAPITAL D WITH DOT ABOVE
EBD3,LATIN CAPITAL LETTER INSULAR F WITH DOT ABOVE,LATIN CAPITAL LETTER INSULAR F WITH DOT ABOVE
EBD4,LATIN SMALL LETTER INSULAR F WITH DOT ABOVE,LATIN SMALL LETTER INSULAR F WITH DOT ABOVE
EBD5,LATIN SMALL LETTER SEMI-CLOSED INSULAR F WITH DOT ABOVE,LATIN SMALL LETTER SEMI-CLOSED INSULAR F WITH DOT ABOVE
EBD6,LATIN SMALL LETTER CLOSED INSULAR F WITH DOT ABOVE,LATIN SMALL LETTER CLOSED INSULAR F WITH DOT ABOVE
EBD7,LATIN LETTER SMALL CAPITAL F WITH DOT ABOVE,LATIN LETTER SMALL CAPITAL F WITH DOT ABOVE
EBDA,LATIN LETTER SMALL CAPITAL H WITH DOT ABOVE,LATIN LETTER SMALL CAPITAL H WITH DOT ABOVE
EBDB,LATIN LETTER SMALL CAPITAL K WITH DOT ABOVE,LATIN LETTER SMALL CAPITAL K WITH DOT ABOVE
EBDC,LATIN LETTER SMALL CAPITAL L WITH DOT ABOVE,LATIN LETTER SMALL CAPITAL L WITH DOT ABOVE
EBDD,LATIN LETTER SMALL CAPITAL M WITH DOT ABOVE,LATIN LETTER SMALL CAPITAL M WITH DOT ABOVE
EBDE,LATIN CAPITAL LETTER O WITH OGONEK AND DOT ABOVE,LATIN CAPITAL LETTER O WITH OGONEK AND DOT ABOVE
EBDF,LATIN SMALL LETTER O WITH OGONEK AND DOT ABOVE,LATIN SMALL LETTER O WITH OGONEK AND DOT ABOVE
EBE0,LATIN CAPITAL LETTER O WITH STROKE AND DOT BELOW,LATIN CAPITAL LETTER O WITH STROKE AND DOT BELOW
EBE1,LATIN SMALL LETTER O WITH STROKE AND DOT BELOW,LATIN SMALL LETTER O WITH STROKE AND DOT BELOW
EBE2,LATIN CAPITAL LETTER J WITH DIAERESIS,LATIN CAPITAL LETTER J WITH DIAERESIS
EBE3,LATIN SMALL LETTER J WITH DIAERESIS,LATIN SMALL LETTER J WITH DIAERESIS
EBE4,LATIN CAPITAL LIGATURE OO WITH DIAERESIS,LATIN CAPITAL LIGATURE OO WITH DIAERESIS
EBE5,LATIN SMALL LIGATURE OO WITH DIAERESIS,LATIN SMALL LIGATURE OO WITH DIAERESIS
EBE6,LATIN CAPITAL LIGATURE PP WITH DIAERESIS,LATIN CAPITAL LIGATURE PP WITH DIAERESIS
EBE7,LATIN SMALL LIGATURE PP WITH DIAERESIS,LATIN SMALL LIGATURE PP WITH DIAERESIS
EBE8,LATIN CAPITAL LIGATURE YY WITH DIAERESIS,LATIN CAPITAL LIGATURE YY WITH DIAERESIS
EBE9,LATIN SMALL LIGATURE YY WITH DIAERESIS,LATIN SMALL LIGATURE YY WITH DIAERESIS
EBEA,LATIN CAPITAL LETTER AE WITH CURL,LATIN CAPITAL LETTER AE WITH CURL
EBEB,LATIN SMALL LETTER AE WITH CURL,LATIN SMALL LETTER AE WITH CURL
EBEC,LATIN CAPITAL LETTER O WITH STROKE AND MACRON AND ACUTE,LATIN CAPITAL LETTER O WITH STROKE AND MACRON AND ACUTE
EBED,LATIN SMALL LETTER O WITH STROKE AND MACRON AND ACUTE,LATIN SMALL LETTER O WITH STROKE AND MACRON AND ACUTE
EBEE,LATIN CAPITAL LETTER O WITH STROKE AND BREVE,LATIN CAPITAL LETTER O WITH STROKE AND BREVE
EBEF,LATIN SMALL LETTER O WITH STROKE AND BREVE,LATIN SMALL LETTER O WITH STROKE AND BREVE
EBF0,LATIN CAPITAL LIGATURE AV WITH OGONEK,LATIN CAPITAL LIGATURE AV WITH OGONEK
EBF1,LATIN SMALL LIGATURE AV WITH OGONEK,LATIN SMALL LIGATURE AV WITH OGONEK
EBF2,LATIN CAPITAL LETTER E WITH OGONEK AND CURL,LATIN CAPITAL LETTER E WITH OGONEK AND CURL
EBF3,LATIN SMALL LETTER E WITH OGONEK AND CURL,LATIN SMALL LETTER E WITH OGONEK AND CURL
EBF4,LATIN CAPITAL LETTER A WITH DOT ABOVE AND ACUTE,LATIN CAPITAL LETTER A WITH DOT ABOVE AND ACUTE
EBF5,LATIN SMALL LETTER A WITH DOT ABOVE AND ACUTE,LATIN SMALL LETTER A WITH DOT ABOVE AND ACUTE
EBF6,LATIN CAPITAL LETTER I WITH DOT ABOVE AND ACUTE,LATIN CAPITAL LETTER I WITH DOT ABOVE AND ACUTE
EBF7,LATIN SMALL LETTER I WITH DOT ABOVE AND ACUTE,LATIN SMALL LETTER I WITH DOT ABOVE AND ACUTE
EBF8,LATIN CAPITAL LETTER O WITH DOT ABOVE AND ACUTE,LATIN CAPITAL LETTER O WITH DOT ABOVE AND ACUTE
EBF9,LATIN SMALL LETTER O WITH DOT ABOVE AND ACUTE,LATIN SMALL LETTER O WITH DOT ABOVE AND ACUTE
EBFA,LATIN CAPITAL LETTER O WITH OGONEK AND DOT ABOVE AND ACUTE,LATIN CAPITAL LETTER O WITH OGONEK AND DOT ABOVE AND ACUTE
EBFB,LATIN SMALL LETTER O WITH OGONEK AND DOT ABOVE AND ACUTE,LATIN SMALL LETTER O WITH OGONEK AND DOT ABOVE AND ACUTE
EBFC,LATIN CAPITAL LETTER O WITH STROKE AND DOT ABOVE AND ACUTE,LATIN CAPITAL LETTER O WITH STROKE AND DOT ABOVE AND ACUTE
EBFD,LATIN SMALL LETTER O WITH STROKE AND DOT ABOVE AND ACUTE,LATIN SMALL LETTER O WITH STROKE AND DOT ABOVE AND ACUTE
EBFE,LATIN CAPITAL LETTER U WITH DOT ABOVE AND ACUTE,LATIN CAPITAL LETTER U WITH DOT ABOVE AND ACUTE
EBFF,LATIN SMALL LETTER U WITH DOT ABOVE AND ACUTE,LATIN SMALL LETTER U WITH DOT ABOVE AND ACUTE
EEC2,LATIN SMALL LIGATURE BB,LATIN SMALL LIGATURE BB
EEC3,LATIN SMALL LIGATURE BG,LATIN SMALL LIGATURE BG
EEC4,LATIN SMALL LIGATURE CK,LATIN SMALL LIGATURE CK
EEC5,LATIN SMALL LIGATURE CT,LATIN SMALL LIGATURE CT
EEC6,LATIN SMALL LIGATURE D ROTUNDA D ROTUNDA,LATIN SMALL LIGATURE D ROTUNDA D ROTUNDA
EEC7,LATIN SMALL LIGATURE EY,LATIN SMALL LIGATURE EY
EEC8,LATIN SMALL LIGATURE F A WITH DIAERESIS,LATIN SMALL LIGATURE F A WITH DIAERESIS
EEC9,LATIN SMALL LIGATURE FJ,LATIN SMALL LIGATURE FJ
EECA,LATIN SMALL LIGATURE FR,LATIN SMALL LIGATURE FR
EECB,LATIN SMALL LIGATURE FT,LATIN SMALL LIGATURE FT
EECC,LATIN SMALL LIGATURE F U WITH DIAERESIS,LATIN SMALL LIGATURE F U WITH DIAERESIS
EECD,LATIN SMALL LIGATURE FY,LATIN SMALL LIGATURE FY
EECE,LATIN SMALL LIGATURE FFT,LATIN SMALL LIGATURE FFT
EECF,LATIN SMALL LIGATURE FFY,LATIN SMALL LIGATURE FFY
EED0,LATIN SMALL LIGATURE FTY,LATIN SMALL LIGATURE FTY
EED1,LATIN SMALL LIGATURE GG,LATIN SMALL LIGATURE GG
EED2,LATIN SMALL LIGATURE GD,LATIN SMALL LIGATURE GD
EED3,LATIN SMALL LIGATURE G D ROTUNDA,LATIN SMALL LIGATURE G D ROTUNDA
EED4,LATIN SMALL LIGATURE G ETH,LATIN SMALL LIGATURE G ETH
EED5,LATIN SMALL LIGATURE SMALL CAPITAL N LONG S,LATIN SMALL LIGATURE SMALL CAPITAL N LONG S
EED6,LATIN SMALL LIGATURE PP,LATIN SMALL LIGATURE PP
EED7,LATIN SMALL LIGATURE PP WITH FLOURISH,LATIN SMALL LIGATURE PP WITH FLOURISH
EED8,LATIN SMALL LIGATURE TR,LATIN SMALL LIGATURE TR
EED9,LATIN SMALL LIGATURE TT,LATIN SMALL LIGATURE TT
EEDA,LATIN SMALL LIGATURE T ROTUNDA T ROTUNDA,LATIN SMALL LIGATURE T ROTUNDA T ROTUNDA
EEDB,LATIN SMALL LIGATURE TY,LATIN SMALL LIGATURE TY
EEDC,LATIN SMALL LIGATURE TZ,LATIN SMALL LIGATURE TZ
EEDD,LATIN CAPITAL LIGATURE PP,LATIN CAPITAL LIGATURE PP
EEDE,LATIN SMALL LIGATURE GO,LATIN SMALL LIGATURE GO
EEDF,LATIN ENLARGED LETTER SMALL LONG S,LATIN ENLARGED LETTER SMALL LONG S
EEE0,LATIN ENLARGED LETTER SMALL A,LATIN ENLARGED LETTER SMALL A
EEE1,LATIN ENLARGED LETTER SMALL B,LATIN ENLARGED LETTER SMALL B
EEE2,LATIN ENLARGED LETTER SMALL C,LATIN ENLARGED LETTER SMALL C
EEE3,LATIN ENLARGED LETTER SMALL D,LATIN ENLARGED LETTER SMALL D
EEE4,LATIN ENLARGED LETTER D ROTUNDA,LATIN ENLARGED LETTER D ROTUNDA
EEE5,LATIN ENLARGED LETTER SMALL ETH,LATIN ENLARGED LETTER SMALL ETH
EEE6,LATIN ENLARGED LETTER SMALL E,LATIN ENLARGED LETTER SMALL E
EEE7,LATIN ENLARGED LETTER SMALL F,LATIN ENLARGED LETTER SMALL F
EEE8,LATIN ENLARGED LETTER SMALL G,LATIN ENLARGED LETTER SMALL G
EEE9,LATIN ENLARGED LETTER SMALL H,LATIN ENLARGED LETTER SMALL H
EEEA,LATIN ENLARGED LETTER SMALL I,LATIN ENLARGED LETTER SMALL I
EEEB,LATIN ENLARGED LETTER SMALL J,LATIN ENLARGED LETTER SMALL J
EEEC,LATIN ENLARGED LETTER SMALL K,LATIN ENLARGED LETTER SMALL K
EEED,LATIN ENLARGED LETTER SMALL L,LATIN ENLARGED LETTER SMALL L
EEEE,LATIN ENLARGED LETTER SMALL M,LATIN ENLARGED LETTER SMALL M
EEEF,LATIN ENLARGED LETTER SMALL N,LATIN ENLARGED LETTER SMALL N
EEF0,LATIN ENLARGED LETTER SMALL O,LATIN ENLARGED LETTER SMALL O
EEF1,LATIN ENLARGED LETTER SMALL P,LATIN ENLARGED LETTER SMALL P
EEF2,LATIN ENLARGED LETTER SMALL Q,LATIN ENLARGED LETTER SMALL Q
EEF3,LATIN ENLARGED LETTER SMALL R,LATIN ENLARGED LETTER SMALL R
EEF4,LATIN ENLARGED LETTER SMALL S,LATIN ENLARGED LETTER SMALL S
EEF5,LATIN ENLARGED LETTER SMALL T,LATIN ENLARGED LETTER SMALL T
EEF6,LATIN ENLARGED LETTER SMALL THORN,LATIN ENLARGED LETTER SMALL THORN
EEF7,LATIN ENLARGED LETTER SMALL U,LATIN ENLARGED LETTER SMALL U
EEF8,LATIN ENLARGED LETTER SMALL V,LATIN ENLARGED LETTER SMALL V
EEF9,LATIN ENLARGED LETTER SMALL W,LATIN ENLARGED LETTER SMALL W
EEFA,LATIN ENLARGED LETTER SMALL X,LATIN ENLARGED LETTER SMALL X
EEFB,LATIN ENLARGED LETTER SMALL Y,LATIN ENLARGED LETTER SMALL Y
EEFC,LATIN ENLARGED LETTER SMALL Z,LATIN ENLARGED LETTER SMALL Z
EEFD,LATIN ENLARGED LETTER SMALL DOTLESS I,LATIN ENLARGED LETTER SMALL DOTLESS I
EEFE,LATIN ENLARGED LETTER SMALL DOTLESS J,LATIN ENLARGED LETTER SMALL DOTLESS J
EEFF,LATIN ENLARGED LETTER SMALL INSULAR F,LATIN ENLARGED LETTER SMALL INSULAR F
EF0C,LATIN LETTER SMALL CAPITAL Q,LATIN LETTER SMALL CAPITAL Q
EF11,LATIN LETTER SMALL CAPITAL X,LATIN LETTER SMALL CAPITAL X
EF15,LATIN LETTER SMALL CAPITAL THORN,LATIN LETTER SMALL CAPITAL THORN
EF20,LATIN LETTER SMALL CAPITAL G WITH DOT ABOVE,LATIN LETTER SMALL CAPITAL G WITH DOT ABOVE
EF21,LATIN LETTER SMALL CAPITAL N WITH DOT ABOVE,LATIN LETTER SMALL CAPITAL N WITH DOT ABOVE
EF22,LATIN LETTER SMALL CAPITAL R WITH DOT ABOVE,LATIN LETTER SMALL CAPITAL R WITH DOT ABOVE
EF23,LATIN LETTER SMALL CAPITAL S WITH DOT ABOVE,LATIN LETTER SMALL CAPITAL S WITH DOT ABOVE
EF24,LATIN LETTER SMALL CAPITAL T WITH DOT ABOVE,LATIN LETTER SMALL CAPITAL T WITH DOT ABOVE
EF25,LATIN LETTER SMALL CAPITAL B WITH DOT BELOW,LATIN LETTER SMALL CAPITAL B WITH DOT BELOW
EF26,LATIN LETTER SMALL CAPITAL D WITH DOT BELOW,LATIN LETTER SMALL CAPITAL D WITH DOT BELOW
EF27,LATIN LETTER SMALL CAPITAL G WITH DOT BELOW,LATIN LETTER SMALL CAPITAL G WITH DOT BELOW
EF28,LATIN LETTER SMALL CAPITAL L WITH DOT BELOW,LATIN LETTER SMALL CAPITAL L WITH DOT BELOW
EF29,LATIN LETTER SMALL CAPITAL M WITH DOT BELOW,LATIN LETTER SMALL CAPITAL M WITH DOT BELOW
EF2A,LATIN LETTER SMALL CAPITAL N WITH DOT BELOW,LATIN LETTER SMALL CAPITAL N WITH DOT BELOW
EF2B,LATIN LETTER SMALL CAPITAL R WITH DOT BELOW,LATIN LETTER SMALL CAPITAL R WITH DOT BELOW
EF2C,LATIN LETTER SMALL CAPITAL S WITH DOT BELOW,LATIN LETTER SMALL CAPITAL S WITH DOT BELOW
EF2D,LATIN LETTER SMALL CAPITAL T WITH DOT BELOW,LATIN LETTER SMALL CAPITAL T WITH DOT BELOW
EFA0,LATIN SMALL LIGATURE AA CLOSED FORM,LATIN SMALL LIGATURE AA CLOSED FORM
EFA1,LATIN SMALL LIGATURE NECKLESS A E,LATIN SMALL LIGATURE NECKLESS A E
EFA2,LATIN SMALL LIGATURE NECKLESS AV,LATIN SMALL LIGATURE NECKLESS AV
EFA3,LATIN SMALL LIGATURE AF,LATIN SMALL LIGATURE AF
EFA4,LATIN SMALL LIGATURE A INSULAR F,LATIN SMALL LIGATURE A INSULAR F
EFA5,LATIN SMALL LIGATURE AG,LATIN SMALL LIGATURE AG
EFA6,LATIN SMALL LIGATURE AL,LATIN SMALL LIGATURE AL
EFA7,LATIN SMALL LIGATURE AN,LATIN SMALL LIGATURE AN
EFA8,LATIN SMALL LIGATURE A SMALL CAPITAL N,LATIN SMALL LIGATURE A SMALL CAPITAL N
EFA9,LATIN SMALL LIGATURE AP,LATIN SMALL LIGATURE AP
EFAA,LATIN SMALL LIGATURE AR,LATIN SMALL LIGATURE AR
EFAB,LATIN SMALL LIGATURE A SMALL CAPITAL R,LATIN SMALL LIGATURE A SMALL CAPITAL R
EFAC,LATIN SMALL LIGATURE A THORN,LATIN SMALL LIGATURE A THORN
EFAD,LATIN SMALL LIGATURE OC,LATIN SMALL LIGATURE OC
EFAE,LATIN CAPITAL LIGATURE NECKLESS A E,LATIN CAPITAL LIGATURE NECKLESS A E
EFD8,LATIN SMALL LIGATURE UU WITH DOUBLE ACUTE,LATIN SMALL LIGATURE UU WITH DOUBLE ACUTE
EFD9,LATIN CAPITAL LIGATURE UU WITH DOUBLE ACUTE,LATIN CAPITAL LIGATURE UU WITH DOUBLE ACUTE
EFDB,LATIN CAPITAL LETTER AE WITH DOT ABOVE AND ACUTE,LATIN CAPITAL LETTER AE WITH DOT ABOVE AND ACUTE
EFDC,LATIN SMALL LETTER AE WITH DOT ABOVE AND ACUTE,LATIN SMALL LETTER AE WITH DOT ABOVE AND ACUTE
EFDD,LATIN ENLARGED LETTER SMALL LIGATURE OE,LATIN ENLARGED LETTER SMALL LIGATURE OE
EFDE,LATIN ENLARGED LETTER SMALL LIGATURE AO,LATIN ENLARGED LETTER SMALL LIGATURE AO
EFDF,LATIN ENLARGED LETTER SMALL LIGATURE AA,LATIN ENLARGED LETTER SMALL LIGATURE AA
EFE0,LATIN CAPITAL LIGATURE AA WITH ACUTE,LATIN CAPITAL LIGATURE AA WITH ACUTE
EFE1,LATIN SMALL LIGATURE AA WITH ACUTE,LATIN SMALL LIGATURE AA WITH ACUTE
EFE2,LATIN CAPITAL LIGATURE AO WITH ACUTE,LATIN CAPITAL LIGATURE AO WITH ACUTE
EFE3,LATIN SMALL LIGATURE AO WITH ACUTE,LATIN SMALL LIGATURE AO WITH ACUTE
EFE4,LATIN CAPITAL LIGATURE AU WITH ACUTE,LATIN CAPITAL LIGATURE AU WITH ACUTE
EFE5,LATIN SMALL LIGATURE AU WITH ACUTE,LATIN SMALL LIGATURE AU WITH ACUTE
EFE6,LATIN CAPITAL LIGATURE AV WITH ACUTE,LATIN CAPITAL LIGATURE AV WITH ACUTE
EFE7,LATIN SMALL LIGATURE AV WITH ACUTE,LATIN SMALL LIGATURE AV WITH ACUTE
EFE8,LATIN CAPITAL LIGATURE OO WITH ACUTE,LATIN CAPITAL LIGATURE OO WITH ACUTE
EFE9,LATIN SMALL LIGATURE OO WITH ACUTE,LATIN SMALL LIGATURE OO WITH ACUTE
EFEA,LATIN CAPITAL LIGATURE AA WITH DOUBLE ACUTE,LATIN CAPITAL LIGATURE AA WITH DOUBLE ACUTE
EFEB,LATIN SMALL LIGATURE AA WITH DOUBLE ACUTE,LATIN SMALL LIGATURE AA WITH DOUBLE ACUTE
EFEC,LATIN CAPITAL LIGATURE OO WITH DOUBLE ACUTE,LATIN CAPITAL LIGATURE OO WITH DOUBLE ACUTE
EFED,LATIN SMALL LIGATURE OO WITH DOUBLE ACUTE,LATIN SMALL LIGATURE OO WITH DOUBLE ACUTE
EFEE,LATIN CAPITAL LIGATURE AA WITH DOT ABOVE,LATIN CAPITAL LIGATURE AA WITH DOT ABOVE
EFEF,LATIN SMALL LIGATURE AA WITH DOT ABOVE,LATIN SMALL LIGATURE AA WITH DOT ABOVE
EFF0,LATIN CAPITAL LIGATURE AY WITH DOT ABOVE,LATIN CAPITAL LIGATURE AY WITH DOT ABOVE
EFF1,LATIN SMALL LIGATURE AY WITH DOT ABOVE,LATIN SMALL LIGATURE AY WITH DOT ABOVE
EFF2,LATIN CAPITAL LIGATURE AA WITH DOT BELOW,LATIN CAPITAL LIGATURE AA WITH DOT BELOW
EFF3,LATIN SMALL LIGATURE AA WITH DOT BELOW,LATIN SMALL LIGATURE AA WITH DOT BELOW
EFF4,LATIN CAPITAL LIGATURE AO WITH DOT BELOW,LATIN CAPITAL LIGATURE AO WITH DOT BELOW
EFF5,LATIN SMALL LIGATURE AO WITH DOT BELOW,LATIN SMALL LIGATURE AO WITH DOT BELOW
EFF6,LATIN CAPITAL LIGATURE AU WITH DOT BELOW,LATIN CAPITAL LIGATURE AU WITH DOT BELOW
EFF7,LATIN SMALL LIGATURE AU WITH DOT BELOW,LATIN SMALL LIGATURE AU WITH DOT BELOW
EFF8,LATIN CAPITAL LIGATURE AV WITH DOT BELOW,LATIN CAPITAL LIGATURE AV WITH DOT BELOW
EFF9,LATIN SMALL LIGATURE AV WITH DOT BELOW,LATIN SMALL LIGATURE AV WITH DOT BELOW
EFFA,LATIN CAPITAL LIGATURE AY WITH DOT BELOW,LATIN CAPITAL LIGATURE AY WITH DOT BELOW
EFFB,LATIN SMALL LIGATURE AY WITH DOT BELOW,LATIN SMALL LIGATURE AY WITH DOT BELOW
EFFC,LATIN CAPITAL LIGATURE OO WITH DOT BELOW,LATIN CAPITAL LIGATURE OO WITH DOT BELOW
EFFD,LATIN SMALL LIGATURE OO WITH DOT BELOW,LATIN SMALL LIGATURE OO WITH DOT BELOW
EFFE,LATIN CAPITAL LIGATURE AA WITH DIAERESIS,LATIN CAPITAL LIGATURE AA WITH DIAERESIS
EFFF,LATIN SMALL LIGATURE AA WITH DIAERESIS,LATIN SMALL LIGATURE AA WITH DIAERESIS
F00A,COMBINING HIGH MACRON WITH FIXED HEIGHT,COMBINING HIGH MACRON WITH FIXED HEIGHT
F00B,COMBINING MEDIUM-HIGH MACRON WITH FIXED HEIGHT,COMBINING MEDIUM-HIGH MACRON WITH FIXED HEIGHT
F00C,COMBINING HIGH OVERLINE WITH FIXED HEIGHT,COMBINING HIGH OVERLINE WITH FIXED HEIGHT
F00D,COMBINING MEDIUM-HIGH OVERLINE WITH FIXED HEIGHT,COMBINING MEDIUM-HIGH OVERLINE WITH FIXED HEIGHT
F012,COMBINING LATIN SMALL LETTER B,COMBINING LATIN SMALL LETTER B
F013,COMBINING LATIN LETTER SMALL CAPITAL B,COMBINING LATIN LETTER SMALL CAPITAL B
F016,COMBINING LATIN LETTER SMALL CAPITAL D,COMBINING LATIN LETTER SMALL CAPITAL D
F017,COMBINING LATIN SMALL LETTER F,COMBINING LATIN SMALL LETTER F
F01C,COMBINING LATIN LETTER SMALL CAPITAL K,COMBINING LATIN LETTER SMALL CAPITAL K
F025,COMBINING LATIN SMALL LETTER P,COMBINING LATIN SMALL LETTER P
F02A,COMBINING LATIN LETTER SMALL CAPITAL T,COMBINING LATIN LETTER SMALL CAPITAL T
F02B,COMBINING LATIN SMALL LETTER Y,COMBINING LATIN SMALL LETTER Y
F02F,COMBINING LATIN SMALL LETTER DOTLESS I,COMBINING LATIN SMALL LETTER DOTLESS I
F030,COMBINING LATIN SMALL LETTER J,COMBINING LATIN SMALL LETTER J
F031,COMBINING LATIN SMALL LETTER DOTLESS J,COMBINING LATIN SMALL LETTER DOTLESS J
F032,COMBINING LATIN SMALL LETTER O WITH STROKE,COMBINING LATIN SMALL LETTER O WITH STROKE
F033,COMBINING LATIN SMALL LETTER Q,COMBINING LATIN SMALL LETTER Q
F036,COMBINING LATIN SMALL LIGATURE AN,COMBINING LATIN SMALL LIGATURE AN
F038,COMBINING LATIN SMALL LIGATURE AR,COMBINING LATIN SMALL LIGATURE AR
F03A,COMBINING LATIN SMALL LIGATURE A SMALL CAPITAL N,COMBINING LATIN SMALL LIGATURE A SMALL CAPITAL N
F03B,COMBINING LATIN LETTER T ROTUNDA,COMBINING LATIN LETTER T ROTUNDA
F03C,COMBINING LATIN SMALL LETTER W,COMBINING LATIN SMALL LETTER W
F03D,COMBINING LATIN SMALL LETTER THORN,COMBINING LATIN SMALL LETTER THORN
F03E,COMBINING LATIN SMALL LETTER O R ROTUNDA,COMBINING LATIN SMALL LETTER O R ROTUNDA
F03F,COMBINING LATIN SMALL LETTER O RUM,COMBINING LATIN SMALL LETTER O RUM
F040,COMBINING LATIN SMALL LETTER RUM,COMBINING LATIN SMALL LETTER RUM
F106,LATIN CAPITAL LETTER C SQUARE FORM,LATIN CAPITAL LETTER C SQUARE FORM
F10A,LATIN CAPITAL LETTER E UNCIAL FORM,LATIN CAPITAL LETTER E UNCIAL FORM
F10E,LATIN CAPITAL LETTER G SQUARE FORM,LATIN CAPITAL LETTER G SQUARE FORM
F110,LATIN CAPITAL LETTER H UNCIAL FORM,LATIN CAPITAL LETTER H UNCIAL FORM
F11A,LATIN CAPITAL LETTER M UNCIAL FORM,LATIN CAPITAL LETTER M UNCIAL FORM
F126,LATIN CAPITAL LETTER S CLOSED FORM,LATIN CAPITAL LETTER S CLOSED FORM
F127,LATIN SMALL LETTER LONG S DESCENDING,LATIN SMALL LETTER LONG S DESCENDING
F128,LATIN SMALL LETTER S CLOSED FORM,LATIN SMALL LETTER S CLOSED FORM
F130,COMBINING LATIN SMALL LIGATURE A SMALL CAPITAL R,COMBINING LATIN SMALL LIGATURE A SMALL CAPITAL R
F135,COMBINING LATIN SMALL LETTER E WITH OGONEK,COMBINING LATIN SMALL LETTER E WITH OGONEK
F136,COMBINING LATIN SMALL LETTER E WITH MACRON,COMBINING LATIN SMALL LETTER E WITH MACRON
F13A,LATIN CAPITAL LETTER A SQUARE FORM,LATIN CAPITAL LETTER A SQUARE FORM
F13E,COMBINING LATIN SMALL LETTER O WITH OGONEK,COMBINING LATIN SMALL LETTER O WITH OGONEK
F13F,COMBINING LATIN SMALL LETTER O WITH MACRON,COMBINING LATIN SMALL LETTER O WITH MACRON
F142,LATIN ABBREVIATION SIGN CAPITAL ET,LATIN ABBREVIATION SIGN CAPITAL ET
F149,LATIN SMALL LETTER THORN WITH DIAGONAL STROKE,LATIN SMALL LETTER THORN WITH DIAGONAL STROKE
F153,COMBINING ABBREVIATION MARK SUPERSCRIPT UR ROUND R FORM,COMBINING ABBREVIATION MARK SUPERSCRIPT UR ROUND R FORM
F158,LATIN ABBREVIATION SIGN SMALL ET WITH STROKE,LATIN ABBREVIATION SIGN SMALL ET WITH STROKE
F159,LATIN ABBREVIATION SIGN SMALL DE,LATIN ABBREVIATION SIGN SMALL DE
F160,PUNCTUS INTERROGATIVUS,PUNCTUS INTERROGATIVUS
F161,PUNCTUS ELEVATUS,PUNCTUS ELEVATUS
F193,LATIN SMALL LETTER D WITH CURL,LATIN SMALL LETTER D WITH CURL
F194,LATIN SMALL LETTER F WITH CURL,LATIN SMALL LETTER F WITH CURL
F195,LATIN SMALL LETTER K WITH CURL,LATIN SMALL LETTER K WITH CURL
F196,LATIN SMALL LETTER G WITH CURL,LATIN SMALL LETTER G WITH CURL
F198,LATIN SMALL LETTER C WITH CURL,LATIN SMALL LETTER C WITH CURL
F199,LATIN SMALL LETTER T WITH CURL,LATIN SMALL LETTER T WITH CURL
F19A,LATIN SMALL LETTER N WITH FLOURISH,LATIN SMALL LETTER N WITH FLOURISH
F19B,LATIN SMALL LETTER R WITH FLOURISH,LATIN SMALL LETTER R WITH FLOURISH
F1A5,LATIN ABBREVIATION SIGN SPACING BASE-LINE CAPITAL US,LATIN ABBREVIATION SIGN SPACING BASE-LINE CAPITAL US
F1A6,LATIN ABBREVIATION SIGN SPACING BASE-LINE SMALL US,LATIN ABBREVIATION SIGN SPACING BASE-LINE SMALL US
F1A7,LATIN ABBREVIATION SIGN CAPITAL ET WITH STROKE,LATIN ABBREVIATION SIGN CAPITAL ET WITH STROKE
F1AC,LATIN ABBREVIATION SIGN SEMICOLON,LATIN ABBREVIATION SIGN SEMICOLON
F1BB,LATIN SMALL LIGATURE CH,LATIN SMALL LIGATURE CH
F1BC,LATIN SMALL LIGATURE F O WITH DIAERESIS,LATIN SMALL LIGATURE F O WITH DIAERESIS
F1BD,SMALL BASE LINE ZERO SIGN,SMALL BASE LINE ZERO SIGN
F1BF,MODIFIER CAPITAL LETTER X,MODIFIER CAPITAL LETTER X
F1C0,COMBINING ABBREVIATION MARK BAR ABOVE WITH DOT,COMBINING ABBREVIATION MARK BAR ABOVE WITH DOT
F1C1,COMBINING ABBREVIATION MARK SUPERSCRIPT RA OPEN A FORM WITH BAR ABOVE,COMBINING ABBREVIATION MARK SUPERSCRIPT RA OPEN A FORM WITH BAR ABOVE
F1C2,COMBINING ABBREVIATION MARK SUPERSCRIPT UR LEMNISKATE FORM,COMBINING ABBREVIATION MARK SUPERSCRIPT UR LEMNISKATE FORM
F1C5,COMBINING CURL HIGH POSITION,COMBINING CURL HIGH POSITION
F1C7,COMBINING ABBREVIATION MARK ZIGZAG ABOVE ANGLE FORM,COMBINING ABBREVIATION MARK ZIGZAG ABOVE ANGLE FORM
F1C8,COMBINING ABBREVIATION MARK ZIGZAG ABOVE CURLY FORM,COMBINING ABBREVIATION MARK ZIGZAG ABOVE CURLY FORM
F1CA,COMBINING DOT ABOVE HIGH POSITION,COMBINING DOT ABOVE HIGH POSITION
F1CC,COMBINING CURLY BAR ABOVE,COMBINING CURLY BAR ABOVE
F1D2,TRIPLE DAGGER,TRIPLE DAGGER
F1DA,MIDDLE RING,MIDDLE RING
F1E0,MEDIEVAL COMMA,MEDIEVAL COMMA
F1E1,PARAGRAPHUS,PARAGRAPHUS
F1E2,COMMA POSITURA,COMMA POSITURA
F1E3,HIGH COMMA POSITURA,HIGH COMMA POSITURA
F1E4,PUNCTUS WITH COMMA POSITURA,PUNCTUS WITH COMMA POSITURA
F1E5,COLON WITH MIDDLE COMMA POSITURA,COLON WITH MIDDLE COMMA POSITURA
F1E6,THREE DOTS WITH COMMA POSITURA,THREE DOTS WITH COMMA POSITURA
F1E7,PUNCTUS EXCLAMATIVUS,PUNCTUS EXCLAMATIVUS
F1E8,PUNCTUS INTERROGATIVUS HORIZONTAL TILDE,PUNCTUS INTERROGATIVUS HORIZONTAL TILDE
F1EA,PUNCTUS VERSUS,PUNCTUS VERSUS
F1EC,SIGNE DE RENVOI,SIGNE DE RENVOI
F1F0,PUNCTUS ELEVATUS DIAGONAL STROKE,PUNCTUS ELEVATUS DIAGONAL STROKE
F1F1,PUNCTUS INTERROGATIVUS LEMNISKATE FORM,PUNCTUS INTERROGATIVUS LEMNISKATE FORM
F1F2,TWO DOTS OVER COMMA POSITURA,TWO DOTS OVER COMMA POSITURA
F1F4,VIRGULA SUSPENSIVA,VIRGULA SUSPENSIVA
F1F5,PUNCTUS FLEXUS,PUNCTUS FLEXUS
F1F7,SHORT VIRGULA,SHORT VIRGULA
F1F8,DISTINCTIO,DISTINCTIO
F1F9,WAVY LINE,WAVY LINE
F1FA,PUNCTUS ELEVATUS WITH HIGH BACK,PUNCTUS ELEVATUS WITH HIGH BACK
F1FB,PUNCTUS ELEVATUS WITH HACKLE,PUNCTUS ELEVATUS WITH HACKLE
F1FC,COMBINING TRIPLE BREVE BELOW,COMBINING TRIPLE BREVE BELOW
F200,LATIN SMALL LETTER A INSULAR FORM,LATIN SMALL LETTER A INSULAR FORM
F201,LATIN CAPITAL LETTER A INSULAR FORM,LATIN CAPITAL LETTER A INSULAR FORM
F202,LATIN SMALL LETTER OPEN A CAROLINGIAN FORM,LATIN SMALL LETTER OPEN A CAROLINGIAN FORM
F203,LATIN SMALL LETTER CLOSED A GOTHIC FORM,LATIN SMALL LETTER CLOSED A GOTHIC FORM
F204,LATIN SMALL LETTER AE WITH RIGHT UPPER LOOP,LATIN SMALL LETTER AE WITH RIGHT UPPER LOOP
F205,LATIN CAPITAL LIGATURE AO NECKLESS,LATIN CAPITAL LIGATURE AO NECKLESS
F206,LATIN SMALL LIGATURE AO NECKLESS,LATIN SMALL LIGATURE AO NECKLESS
F207,LATIN SMALL LETTER CLOSED INSULAR F,LATIN SMALL LETTER CLOSED INSULAR F
F208,LATIN SMALL LETTER K UNCIAL FORM,LATIN SMALL LETTER K UNCIAL FORM
F209,LATIN SMALL LETTER K CLOSED FORM,LATIN SMALL LETTER K CLOSED FORM
F214,LATIN SMALL LETTER A UNCIAL FORM,LATIN SMALL LETTER A UNCIAL FORM
F215,LATIN SMALL LETTER NECKLESS A,LATIN SMALL LETTER NECKLESS A
F217,LATIN CAPITAL LETTER CLOSED E UNCIAL FORM,LATIN CAPITAL LETTER CLOSED E UNCIAL FORM
F218,LATIN SMALL LETTER E UNCIAL FORM,LATIN SMALL LETTER E UNCIAL FORM
F219,LATIN SMALL LETTER E EXTENDED BAR FORM,LATIN SMALL LETTER E EXTENDED BAR FORM
F21A,LATIN SMALL LETTER E TALL FORM,LATIN SMALL LETTER E TALL FORM
F21B,LATIN SMALL LETTER SEMI-CLOSED INSULAR F,LATIN SMALL LETTER SEMI-CLOSED INSULAR F
F21C,LATIN SMALL LETTER INSULAR F WITH DOTTED HOOKS,LATIN SMALL LETTER INSULAR F WITH DOTTED HOOKS
F21D,LATIN SMALL LETTER G WITH SEPARATE LOOPS,LATIN SMALL LETTER G WITH SEPARATE LOOPS
F21E,LATIN SMALL LETTER CLOSED G WITH LARGE LOWER LOOP,LATIN SMALL LETTER CLOSED G WITH LARGE LOWER LOOP
F21F,LATIN SMALL LETTER CLOSED G WITH SMALL LOWER LOOP,LATIN SMALL LETTER CLOSED G WITH SMALL LOWER LOOP
F220,LATIN SMALL LETTER LONG I,LATIN SMALL LETTER LONG I
F221,LATIN SMALL LETTER K SEMI-CLOSED FORM,LATIN SMALL LETTER K SEMI-CLOSED FORM
F222,LATIN SMALL LETTER L DESCENDING,LATIN SMALL LETTER L DESCENDING
F223,LATIN SMALL LETTER M WITH RIGHT DESCENDER,LATIN SMALL LETTER M WITH RIGHT DESCENDER
F224,LATIN CAPITAL LETTER M UNCIAL FORM WITH RIGHT DESCENDER,LATIN CAPITAL LETTER M UNCIAL FORM WITH RIGHT DESCENDER
F225,LATIN MEDIUSCULE LETTER M UNCIAL FORM,LATIN MEDIUSCULE LETTER M UNCIAL FORM
F226,LATIN MEDIUSCULE LETTER M UNCIAL FORM WITH RIGHT DESCENDER,LATIN MEDIUSCULE LETTER M UNCIAL FORM WITH RIGHT DESCENDER
F228,LATIN SMALL LETTER N WITH RIGHT DESCENDER,LATIN SMALL LETTER N WITH RIGHT DESCENDER
F229,LATIN CAPITAL LETTER N WITH RIGHT DESCENDER,LATIN CAPITAL LETTER N WITH RIGHT DESCENDER
F22A,LATIN LETTER SMALL CAPITAL N WITH RIGHT DESCENDER,LATIN LETTER SMALL CAPITAL N WITH RIGHT DESCENDER
F22B,LATIN LETTER SMALL CAPITAL N WITH LEFT DESCENDER,LATIN LETTER SMALL CAPITAL N WITH LEFT DESCENDER
F22C,LATIN CAPITAL LETTER Q WITH STEM,LATIN CAPITAL LETTER Q WITH STEM
F233,LATIN SMALL LETTER Y WITH RIGHT MAIN STROKE,LATIN SMALL LETTER Y WITH RIGHT MAIN STROKE
F23A,LATIN SMALL LETTER H WITH RIGHT DESCENDER,LATIN SMALL LETTER H WITH RIGHT DESCENDER
F23C,LATIN SMALL LETTER M UNCIAL FORM,LATIN SMALL LETTER M UNCIAL FORM
F23D,LATIN SMALL LETTER M UNCIAL FORM WITH RIGHT DESCENDER,LATIN SMALL LETTER M UNCIAL FORM WITH RIGHT DESCENDER
F23E,LATIN SMALL LETTER M UNCIAL FORM WITH ACUTE,LATIN SMALL LETTER M UNCIAL FORM WITH ACUTE
F23F,ROMAN NUMERAL REVERSED ONE HUNDRED WITH OVERLINE,ROMAN NUMERAL REVERSED ONE HUNDRED WITH OVERLINE
F2E0,ROMAN AS LIBRALIS SIGN,ROMAN AS LIBRALIS SIGN
F2E2,LATIN SMALL CAPITAL LETTER X WITH BAR,LATIN SMALL CAPITAL LETTER X WITH BAR
F2E3,LATIN SMALL CAPITAL LETTER Y WITH BAR,LATIN SMALL CAPITAL LETTER Y WITH BAR
F2E4,LATIN SMALL CAPITAL LETTER D WITH SLASH,LATIN SMALL CAPITAL LETTER D WITH SLASH
F2E6,PHARMACEUTICAL DRAM SIGN,PHARMACEUTICAL DRAM SIGN
F2E7,ECU SIGN,ECU SIGN
F2E8,FLOREN SIGN WITH LOOP,FLOREN SIGN WITH LOOP
F2E9,GROSCHEN SIGN,GROSCHEN SIGN
F2EA,DUTCH LIBRA SIGN,DUTCH LIBRA SIGN
F2EB,FRENCH LIBRA SIGN,FRENCH LIBRA SIGN
F2EC,ITALIAN LIBRA SIGN,ITALIAN LIBRA SIGN
F2ED,FLEMISH LIBRA SIGN,FLEMISH LIBRA SIGN
F2EE,LIRA NUOVA SIGN,LIRA NUOVA SIGN
F2EF,LIRA STERLINA SIGN,LIRA STERLINA SIGN
F2F0,OLD MARK SIGN,OLD MARK SIGN
F2F1,OLD FLOURISH MARK SIGN,OLD FLOURISH MARK SIGN
F2F2,MARKED SMALL LETTER M SIGN,MARKED SMALL LETTER M SIGN
F2F3,FLOURISHED SMALL LETTER M SIGN,FLOURISHED SMALL LETTER M SIGN
F2F4,PHARMACEUTICAL OBOLUS SIGN,PHARMACEUTICAL OBOLUS SIGN
F2F5,PENNING SIGN,PENNING SIGN
F2F6,OLD REICHSTALER SIGN,OLD REICHSTALER SIGN
F2F7,GERMAN SCHILLING SIGN,GERMAN SCHILLING SIGN
F2F8,GERMAN SCRIPT SCHILLING SIGN,GERMAN SCRIPT SCHILLING SIGN
F2F9,SCUDI SIGN,SCUDI SIGN
F2FA,KRONE SIGN,KRONE SIGN
F2FB,HELBING SIGN,HELBING SIGN
F2FD,SCRIPT OUNCE SIGN,SCRIPT OUNCE SIGN
F2FE,ROMAN NUMERAL CAPITAL C WITH TWO BARS,ROMAN NUMERAL CAPITAL C WITH TWO BARS
F2FF,ROMAN NUMERAL SMALL C WITH TWO BARS,ROMAN NUMERAL SMALL C WITH TWO BARS
F4F9,LATIN SMALL LIGATURE LL,LATIN SMALL LIGATURE LL
F4FA,LATIN SMALL LIGATURE LONG S CH,LATIN SMALL LIGATURE LONG S CH
F4FB,LATIN SMALL LIGATURE LONG S J,LATIN SMALL LIGATURE LONG S J
F4FC,LATIN SMALL LIGATURE LONG S K,LATIN SMALL LIGATURE LONG S K
F4FD,LATIN SMALL LIGATURE LONG S S,LATIN SMALL LIGATURE LONG S S
F4FE,LATIN SMALL LIGATURE LONG S LONG S K,LATIN SMALL LIGATURE LONG S LONG S K
F4FF,LATIN SMALL LIGATURE LONG S LONG S T,LATIN SMALL LIGATURE LONG S LONG S T
F704,METRICAL SYMBOL LONGUM WITH ACUTE,METRICAL SYMBOL LONGUM WITH ACUTE
F705,METRICAL SYMBOL LONGUM WITH GRAVE,METRICAL SYMBOL LONGUM WITH GRAVE
F706,METRICAL SYMBOL BREVE WITH ACUTE,METRICAL SYMBOL BREVE WITH ACUTE
F707,METRICAL SYMBOL BREVE WITH GRAVE,METRICAL SYMBOL BREVE WITH GRAVE
F708,METRICAL SYMBOL BREVE ABOVE LONGUM WITH ACUTE,METRICAL SYMBOL BREVE ABOVE LONGUM WITH ACUTE
F709,METRICAL SYMBOL BREVE ABOVE LONGUM WITH GRAVE,METRICAL SYMBOL BREVE ABOVE LONGUM WITH GRAVE
F70B,METRICAL SYMBOL ANCEPS WITH ACUTE,METRICAL SYMBOL ANCEPS WITH ACUTE
F70C,METRICAL SYMBOL ANCEPS WITH GRAVE,METRICAL SYMBOL ANCEPS WITH GRAVE
F715,METRICAL SYMBOL LONGUM WITH DOUBLE ACUTE,METRICAL SYMBOL LONGUM WITH DOUBLE ACUTE
F716,METRICAL SYMBOL LONGUM WITH DOUBLE GRAVE,METRICAL SYMBOL LONGUM WITH DOUBLE GRAVE
F717,METRICAL SYMBOL BREVE WITH DOUBLE ACUTE,METRICAL SYMBOL BREVE WITH DOUBLE ACUTE
F718,METRICAL SYMBOL BREVE WITH DOUBLE GRAVE,METRICAL SYMBOL BREVE WITH DOUBLE GRAVE
F719,METRICAL SYMBOL ANCEPS WITH DOUBLE ACUTE,METRICAL SYMBOL ANCEPS WITH DOUBLE ACUTE
F71A,METRICAL SYMBOL ANCEPS WITH DOUBLE GRAVE,METRICAL SYMBOL ANCEPS WITH DOUBLE GRAVE
F71B,METRICAL SYMBOL RESOLVED LIFT WITH ACUTE,METRICAL SYMBOL RESOLVED LIFT WITH ACUTE
F71C,METRICAL SYMBOL RESOLVED LIFT WITH DOUBLE ACUTE,METRICAL SYMBOL RESOLVED LIFT WITH DOUBLE ACUTE
F7B2,LATIN CAPITAL LETTER V WITH HIGH OVERLINE,LATIN CAPITAL LETTER V WITH HIGH OVERLINE
F7B3,LATIN CAPITAL LETTER X WITH HIGH OVERLINE,LATIN CAPITAL LETTER X WITH HIGH OVERLINE
F7B4,LATIN CAPITAL LETTER L WITH HIGH OVERLINE,LATIN CAPITAL LETTER L WITH HIGH OVERLINE
F7B5,LATIN CAPITAL LETTER C WITH HIGH OVERLINE,LATIN CAPITAL LETTER C WITH HIGH OVERLINE
F7B6,LATIN CAPITAL LETTER D WITH HIGH OVERLINE,LATIN CAPITAL LETTER D WITH HIGH OVERLINE